Method Name;CCM;CND;CDISP;CINT;FDP;HD;HEF;HER;HL;HVC;HVL;LOC;LAA;LND;MMI;MND;CC;NOAV;NOL;NOPM
com.example.Application.main(String[]);0;0;1.0;1;0;2.5;38.7744;0.0038;6;6;15.5098;3;0.0;0;81.3571;0;1;1;0;1
com.example.IFindAll.findAll();0;0;0.0;0;0;0.0;NaN;NaN;0;0;NaN;0;0.0;0;0.0;N/A;1;N/A;0;0
com.example.base.ui.MainErrorHandler.errorHandlerInitializer();0;0;0.7692;13;2;11.5909;1783.0916;0.049;32;28;153.8354;15;0.3333;0;59.0475;2;1;8;0;0
com.example.base.ui.MainLayout.MainLayout();0;0;0.25;2;1;2.5;38.7744;0.0038;6;6;15.5098;4;0.0;0;78.6317;0;1;1;0;0
com.example.base.ui.MainLayout.createHeader();0;0;1.0;2;9;3.6923;423.4857;0.0188;27;19;114.694;10;0.0;0;63.7836;0;1;12;0;0
com.example.base.ui.MainLayout.createSideNav();0;0;0.8;4;1;7.5;376.4211;0.0174;14;12;50.1895;6;0.0;0;71.1292;0;1;3;0;0
com.example.base.ui.MainLayout.createSideNavItem(MenuEntry);2;1;0.3333;3;0;15.75;1198.6931;0.0376;22;11;76.1075;7;0.0;0;68.3023;1;2;1;0;1
com.example.base.ui.component.ViewToolbar.ViewToolbar(String, Component[]);1;1;1.0;3;12;6.0952;1539.7486;0.0444;52;29;252.615;17;0.0;0;56.2512;1;2;20;0;2
com.example.base.ui.component.ViewToolbar.group(Component[]);0;0;1.0;1;6;3.375;192.7473;0.0111;15;14;57.1103;6;0.0;0;70.7308;0;1;8;0;1
com.example.charts113239.Graphs.Graphs(String, String);0;0;0.0;0;0;1.0;18.0947;0.0023;7;6;18.0947;4;1.0;0;78.0773;0;1;4;0;2
com.example.charts113239.Graphs.getBarChart();1;0;0.75;4;0;8.2727;1024.1139;0.0339;27;24;123.794;12;1.0;1;61.732;1;2;3;1;0
com.example.charts113239.Graphs.getGraph();0;0;0.0;0;0;4.5;266.4317;0.0138;16;13;59.207;8;1.0;0;67.9005;1;1;1;0;0
com.example.charts113239.Graphs.getLineGraph();4;0;0.619;21;0;33.1905;16502.203;0.2161;86;55;497.1969;31;1.0;1;48.3711;1;5;16;3;0
com.example.charts113239.Graphs.getPieChart();1;0;0.75;4;0;10.1111;1217.4248;0.038;27;22;120.4047;14;1.0;1;60.3467;1;2;3;1;0
com.example.charts113239.GraphsRepository.findAllBy(Pageable);0;0;0.0;0;0;0.0;NaN;NaN;0;0;NaN;0;0.0;0;0.0;N/A;1;N/A;0;1
com.example.charts113239.GraphsService.GraphsService(GraphsRepository);0;0;0.0;0;0;0.5;2.3774;0.0006;3;3;4.7549;3;1.0;0;85.3765;0;1;2;0;1
com.example.charts113239.GraphsService.list(Pageable);0;0;1.0;2;0;2.0;39.303;0.0039;7;7;19.6515;4;1.0;0;77.9128;0;1;2;0;1
com.example.charts113239.ui.GraphsView.GraphsView(GraphsService);0;0;0.375;5;1;8.75;1365.7009;0.041;35;22;156.0801;15;0.8571;0;58.9885;0;1;8;0;1
com.example.charts113239.ui.GraphsView.createBarGraph();1;0;1.0;1;0;7.5833;1197.3409;0.0376;34;25;157.8911;19;1.0;0;56.6364;2;2;4;0;N/A
com.example.charts113239.ui.GraphsView.createLineGraph();1;0;1.0;1;0;7.5833;1197.3409;0.0376;34;25;157.8911;19;1.0;0;56.6364;2;2;4;0;N/A
com.example.charts113239.ui.GraphsView.createPieGraph();1;0;1.0;1;0;7.5833;1197.3409;0.0376;34;25;157.8911;19;1.0;0;56.6364;2;2;4;0;N/A
com.example.examplefeature.Task.Task();0;0;0.0;0;0;0.0;0.0;0.0;1;1;0.0;2;0.0;0;∞;0;1;0;0;0
com.example.examplefeature.Task.Task(String, Instant);0;0;0.0;0;0;1.5;23.2647;0.0027;6;6;15.5098;4;1.0;0;78.6317;0;1;3;0;2
com.example.examplefeature.Task.equals(Object);4;1;0.75;3;0;12.6;1605.7166;0.0457;30;19;127.4378;11;1.0;0;62.3358;1;5;2;0;1
com.example.examplefeature.Task.getCreationDate();0;0;0.0;0;0;1.0;4.7549;0.0009;3;3;4.7549;3;1.0;0;85.3765;0;1;1;0;0
com.example.examplefeature.Task.getDescription();0;0;0.0;0;0;1.0;4.7549;0.0009;3;3;4.7549;3;1.0;0;85.3765;0;1;1;0;0
com.example.examplefeature.Task.getDueDate();0;0;0.0;0;0;1.0;4.7549;0.0009;3;3;4.7549;3;1.0;0;85.3765;0;1;1;0;0
com.example.examplefeature.Task.getId();0;0;0.0;0;0;1.0;4.7549;0.0009;3;3;4.7549;3;1.0;0;85.3765;0;1;1;0;0
com.example.examplefeature.Task.hashCode();0;0;0.5;2;0;0.0;0.0;0.0;5;5;11.6096;8;0.0;0;73.0082;0;1;0;0;0
com.example.examplefeature.Task.setDescription(String);1;1;1.0;1;0;6.75;374.6695;0.0173;15;13;55.5066;6;1.0;0;70.7462;1;2;3;0;1
com.example.examplefeature.Task.setDueDate(LocalDate);0;0;0.0;0;0;1.5;17.4145;0.0022;5;5;11.6096;3;1.0;0;82.3002;0;1;2;0;1
com.example.examplefeature.TaskRepository.findAllBy(Pageable);0;0;0.0;0;0;0.0;NaN;NaN;0;0;NaN;0;0.0;0;0.0;N/A;1;N/A;0;1
com.example.examplefeature.TaskService.TaskService(TaskRepository);0;0;0.0;0;0;0.5;2.3774;0.0006;3;3;4.7549;3;1.0;0;85.3765;0;1;2;0;1
com.example.examplefeature.TaskService.createTask(String, LocalDate);1;1;1.0;4;1;6.6667;506.6667;0.0212;19;16;76.0;9;0.5;0;65.9215;1;2;4;0;2
com.example.examplefeature.TaskService.findAll();0;0;1.0;1;0;1.5;17.4145;0.0022;5;5;11.6096;4;1.0;0;79.5748;0;1;1;0;0
com.example.examplefeature.TaskService.list(Pageable);0;0;1.0;2;0;2.0;39.303;0.0039;7;7;19.6515;4;1.0;0;77.9128;0;1;2;0;1
com.example.examplefeature.ui.TaskListView.TaskListView(TaskService);0;0;0.7;29;8;28.2097;17264.3226;0.2227;102;64;612.0;30;0.375;0;48.2653;0;1;21;0;1
com.example.examplefeature.ui.TaskListView.createTask();0;0;1.0;8;2;6.25;547.3027;0.0223;21;18;87.5684;8;0.6667;0;66.7195;0;1;6;0;0
com.example.jmoney.JMoney.JMoney();0;0;0.0;0;0;0.0;0.0;0.0;1;1;0.0;1;0.0;0;∞;0;1;0;0;0
com.example.jmoney.JMoney.JMoney(String, String, Money, LocalDate);0;0;0.0;0;0;1.5;64.7776;0.0054;13;10;43.1851;6;1.0;0;71.5879;0;1;7;0;4
com.example.jmoney.JMoney.getAmount();0;0;0.0;0;0;1.0;4.7549;0.0009;3;3;4.7549;1;1.0;0;95.7844;0;1;1;0;0
com.example.jmoney.JMoney.getCreationDate();0;0;0.0;0;0;1.0;4.7549;0.0009;3;3;4.7549;1;1.0;0;95.7844;0;1;1;0;0
com.example.jmoney.JMoney.getCurrency();0;0;0.0;0;0;1.0;4.7549;0.0009;3;3;4.7549;1;1.0;0;95.7844;0;1;1;0;0
com.example.jmoney.JMoney.getDescription();0;0;0.0;0;0;1.0;4.7549;0.0009;3;3;4.7549;1;1.0;0;95.7844;0;1;1;0;0
com.example.jmoney.JMoney.getId();0;0;0.0;0;0;1.0;4.7549;0.0009;3;3;4.7549;2;1.0;0;89.2177;0;1;1;0;0
com.example.jmoney.JMoney.getMoney();1;1;0.6667;3;1;4.375;196.7552;0.0113;13;11;44.9726;4;0.6667;0;75.266;0;2;3;0;0
com.example.jmoney.JMoney.getTransactionDate();0;0;0.0;0;0;1.0;4.7549;0.0009;3;3;4.7549;1;1.0;0;95.7844;0;1;1;0;0
com.example.jmoney.JMoney.getType();0;0;0.0;0;0;1.0;4.7549;0.0009;3;3;4.7549;1;1.0;0;95.7844;0;1;1;0;0
com.example.jmoney.JMoney.setDescription(String);0;0;0.0;0;0;1.5;17.4145;0.0022;5;5;11.6096;1;1.0;0;92.7082;0;1;2;0;1
com.example.jmoney.JMoney.setMoney(Money);0;0;0.6667;3;0;4.0;139.4767;0.009;11;9;34.8692;4;1.0;0;76.1432;0;1;3;0;1
com.example.jmoney.JMoney.setTransactionDate(LocalDate);0;0;0.0;0;0;1.5;17.4145;0.0022;5;5;11.6096;1;1.0;0;92.7082;0;1;2;0;1
com.example.jmoney.JMoney.setType(String);0;0;0.0;0;0;1.5;17.4145;0.0022;5;5;11.6096;1;1.0;0;92.7082;0;1;2;0;1
com.example.jmoney.JMoneyRepository.findAllBy(Pageable);0;0;0.0;0;0;0.0;NaN;NaN;0;0;NaN;0;0.0;0;0.0;N/A;1;N/A;0;1
com.example.jmoney.JMoneyService.calculateBalance();0;0;0.8;5;1;3.5;99.8526;0.0072;9;9;28.5293;5;0.5;0;74.6197;0;1;2;0;0
com.example.jmoney.JMoneyService.createJMoney(String, String, Double, LocalDate);1;1;0.5556;9;2;11.5556;1494.4051;0.0436;29;22;129.3235;13;0.2;0;60.8289;1;2;8;0;4
com.example.jmoney.JMoneyService.findAll();0;0;1.0;1;0;1.5;17.4145;0.0022;5;5;11.6096;4;1.0;0;79.5748;0;1;1;0;0
com.example.jmoney.JMoneyService.list(PageRequest);0;0;1.0;2;0;2.0;31.0196;0.0033;6;6;15.5098;3;1.0;0;81.3571;0;1;2;0;1
com.example.jmoney.ui.JMoneyListView.JMoneyListView(JMoneyService);0;0;0.6341;39;9;43.1633;47247.2154;0.4356;167;94;1094.6163;64;0.4;0;39.3208;0;1;29;0;1
com.example.jmoney.ui.JMoneyListView.clearForm();0;0;1.0;1;0;1.5;42.1103;0.004;10;7;28.0735;6;1.0;0;72.8924;0;1;4;0;0
com.example.jmoney.ui.JMoneyListView.createJMoney();2;1;0.6667;10;2;9.9167;1637.9493;0.0463;34;29;165.1714;18;0.6667;0;56.9429;1;3;9;0;0
com.example.jmoney.ui.JMoneyListView.updateBalance();0;0;1.0;2;0;2.5;71.3233;0.0057;9;9;28.5293;4;1.0;0;76.7337;0;1;3;0;0
com.example.pdfexporter.PdfExporter.downloadPdfAction(HasComponents, Button, String, IFindAll<T>);2;0;0.7059;16;0;16.4773;5582.993;0.1049;61;47;338.8299;32;0.0;0;49.3114;3;3;13;0;4
com.example.pdfexporter.PdfExporter.exportToPdf(List<T>, String);5;1;0.4737;19;6;24.7692;12543.884;0.18;88;54;506.4301;36;0.0;2;46.8754;2;6;20;3;2
com.example.pdfexporter.PdfExporter.pdfExportButton(HasComponents, String, IFindAll<T>);0;0;0.6667;2;1;4.5;241.985;0.0129;15;12;53.7744;7;0.0;0;69.4917;0;1;5;0;3
com.example.user.User.User();0;0;0.0;0;0;0.0;0.0;0.0;1;1;0.0;2;0.0;0;∞;0;1;0;0;0
com.example.user.User.User(String, String, String);0;0;0.0;0;0;1.0;43.1851;0.0041;13;10;43.1851;6;1.0;0;71.5879;0;1;7;0;3
com.example.user.User.getEmail();0;0;0.0;0;0;1.0;4.7549;0.0009;3;3;4.7549;3;1.0;0;85.3765;0;1;1;0;0
com.example.user.User.getId();0;0;0.0;0;0;1.0;4.7549;0.0009;3;3;4.7549;3;1.0;0;85.3765;0;1;1;0;0
com.example.user.User.getName();0;0;0.0;0;0;1.0;4.7549;0.0009;3;3;4.7549;3;1.0;0;85.3765;0;1;1;0;0
com.example.user.User.getPassword();0;0;0.0;0;0;1.0;4.7549;0.0009;3;3;4.7549;4;1.0;0;82.6511;0;1;1;0;0
com.example.user.User.hashCode();0;0;0.5;2;0;0.0;0.0;0.0;5;5;11.6096;8;0.0;0;73.0082;0;1;0;0;0
com.example.user.UserRepository.findAllBy(Pageable);0;0;0.0;0;0;0.0;NaN;NaN;0;0;NaN;0;0.0;0;0.0;N/A;1;N/A;0;1
com.example.user.UserService.UserService(UserRepository);0;0;0.0;0;0;0.5;2.3774;0.0006;3;3;4.7549;3;1.0;0;85.3765;0;1;2;0;1
com.example.user.UserService.createUser(String, String, String);0;0;1.0;1;0;2.5;83.0482;0.0063;10;10;33.2193;9;1.0;0;68.5515;0;1;5;0;3
com.example.user.UserService.findAll();0;0;1.0;1;0;1.5;17.4145;0.0022;5;5;11.6096;4;1.0;0;79.5748;0;1;1;0;0
com.example.user.UserService.list(Pageable);0;0;1.0;2;0;2.0;39.303;0.0039;7;7;19.6515;4;1.0;0;77.9128;0;1;2;0;1
com.example.user.ui.UserView.UserView(UserService);0;0;0.9167;11;1;12.2667;2917.0308;0.0681;48;31;237.8014;19;0.6667;0;55.4773;0;1;8;0;1
com.example.user.ui.UserView.openAddUserDialog();2;1;0.8125;16;2;16.9615;7254.5067;0.1249;77;47;427.7033;35;0.4;0;47.713;2;4;16;0;0
