Class Name;ATFD;CCC;CBO;DAC;DIT;CHD;CHEF;CHER;CHL;CHVC;CHVL;LCOM;CLOC;CMI;MPC;NCSS;NOAC;NOAM;NOA;SIZE2;NOC;NOM;NOO;NOOM;NOPA;RFC;TCC;WOC;WMC
com.example.Application;0;0;0;0;1;3.0;90.0;0.0067;10;8;30.0;1;3;79.2493;1;1;0;1;0;15;0;1;15;0;0;2;0.0;1.0;1
com.example.IFindAll;N/A;0;N/A;N/A;N/A;N/A;N/A;N/A;N/A;N/A;N/A;N/A;0;0.0;N/A;N/A;N/A;N/A;N/A;N/A;N/A;N/A;N/A;N/A;N/A;N/A;N/A;N/A;N/A
com.example.base.ui.MainErrorHandler;2;0;0;1;1;15.0;2875.3046;0.0674;38;33;191.687;1;15;58.373;14;8;0;1;1;15;0;1;14;0;0;16;0.0;1.0;1
com.example.base.ui.MainLayout;11;2;0;0;3;18.3158;7255.2016;0.1249;73;43;396.1173;2;27;50.3707;19;18;0;3;11;100;N/A;4;97;0;0;21;0.0;1.0;5
com.example.base.ui.component.ViewToolbar;12;1;4;0;3;12.1136;4411.5331;0.0897;71;35;364.1791;1;23;52.2147;10;16;0;1;9;79;N/A;2;78;0;0;8;0.0;1.0;3
com.example.charts113239.Graphs;1;6;3;2;1;50.9342;56444.5934;0.4905;172;87;1108.1863;1;69;38.247;36;50;0;4;3;21;0;5;18;0;0;34;0.5;1.0;11
com.example.charts113239.GraphsRepository;N/A;0;N/A;N/A;N/A;N/A;N/A;N/A;N/A;N/A;N/A;N/A;0;0.0;N/A;N/A;N/A;N/A;N/A;N/A;N/A;N/A;N/A;N/A;N/A;N/A;N/A;N/A;N/A
com.example.charts113239.GraphsService;0;0;3;1;1;4.0;207.2246;0.0117;14;13;51.8062;1;7;69.5154;2;2;0;1;1;16;0;2;15;0;0;4;0.0;1.0;2
com.example.charts113239.ui.GraphsView;0;3;2;2;5;23.6364;19853.0366;0.2444;144;57;839.9362;3;72;38.7503;21;40;0;3;14;140;0;4;134;0;0;20;0.0;1.0;7
com.example.examplefeature.Task;1;5;3;4;1;22.2727;11941.8866;0.1742;95;50;536.1663;4;46;44.2548;11;20;5;6;5;28;0;10;23;2;0;16;0.1333;0.1667;15
com.example.examplefeature.TaskRepository;N/A;0;N/A;N/A;N/A;N/A;N/A;N/A;N/A;N/A;N/A;N/A;0;0.0;N/A;N/A;N/A;N/A;N/A;N/A;N/A;N/A;N/A;N/A;N/A;N/A;N/A;N/A;N/A
com.example.examplefeature.TaskService;1;1;4;1;1;15.8333;2968.5417;0.0689;39;28;187.4868;1;20;55.4954;7;9;0;3;1;19;0;4;18;0;0;13;1.0;1.0;5
com.example.examplefeature.ui.TaskListView;10;0;4;5;5;40.2632;35165.053;0.3578;137;83;873.3804;1;38;44.8524;48;30;0;1;14;138;0;2;132;0;0;43;0.0;1.0;2
com.example.jmoney.JMoney;2;1;3;5;1;17.2222;8134.2876;0.1348;90;38;472.3135;6;26;50.0466;8;19;10;12;8;35;0;14;27;0;0;21;0.1212;0.1667;15
com.example.jmoney.JMoneyRepository;N/A;0;N/A;N/A;N/A;N/A;N/A;N/A;N/A;N/A;N/A;N/A;0;0.0;N/A;N/A;N/A;N/A;N/A;N/A;N/A;N/A;N/A;N/A;N/A;N/A;N/A;N/A;N/A
com.example.jmoney.JMoneyService;2;1;4;1;1;24.0;6524.448;0.1164;53;35;271.852;1;25;52.2532;17;13;0;4;1;19;0;4;18;0;0;21;1.0;1.0;5
com.example.jmoney.ui.JMoneyListView;11;2;4;8;5;66.55;112834.1289;0.7783;243;126;1695.479;1;92;34.3103;77;57;0;3;16;142;0;4;134;0;0;66;0.6667;1.0;6
com.example.pdfexporter.PdfExporter;7;7;5;0;1;46.375;51256.5765;0.46;166;101;1105.2631;1;75;37.4781;45;51;0;3;0;16;0;3;16;0;0;53;0.0;1.0;10
com.example.user.User;1;0;3;2;1;8.25;2411.4551;0.0599;59;31;292.2976;4;29;50.5749;2;9;4;4;5;25;0;7;20;1;0;9;0.0;0.0;7
com.example.user.UserRepository;N/A;0;N/A;N/A;N/A;N/A;N/A;N/A;N/A;N/A;N/A;N/A;0;0.0;N/A;N/A;N/A;N/A;N/A;N/A;N/A;N/A;N/A;N/A;N/A;N/A;N/A;N/A;N/A
com.example.user.UserService;0;0;4;1;1;10.5;1404.721;0.0418;30;22;133.7829;1;20;56.5617;4;5;0;3;1;19;0;4;18;0;0;9;1.0;1.0;4
com.example.user.ui.UserView;3;2;4;2;3;30.7317;26384.6998;0.2954;137;77;858.5498;1;54;41.4528;40;40;0;1;9;157;0;2;155;0;0;35;0.0;1.0;5
